aurora,estefanivargas194@gmail.com,0989949558,2026-03-12,1
Aurora,estefanivargas194@gmail.com,0989949558,2026-03-12,5
Cecilia,cecilia@gmail.com,0989949500,2026-03-07,4
Cecilia,cecilia@gmail.com,0989949500,2026-03-07,5
Ceci,cecil@gmail.com,0989941104,2026-03-08,4
Ceci,cecil@gmail.com,0989941104,2026-03-08,5
Ceci,cecil@gmail.com,0989941104,2026-03-10,3
aurora,estefanivargas194@gmail.com,0989949558,2026-03-12,7
hh,estefanivargas194@gmail.com,0989949558,2026-03-10,6
hh,estefanivargas194@gmail.com,0989949558,2026-03-10,2
